app_id,submit_time,service,num_jobs,sleep_time,model_name
0,0.0,2131982.9999999995,1,0.0,TransformerModel256
1,7.0,2131781.0,1,7.0,VggnetModel256
2,13.0,2131275.0,1,6.0,Resnet50Model128
3,21.0,2131855.9999999995,1,8.0,Resnet50Model128
4,27.0,2131898.9999999995,1,6.0,ChatbotModel256
5,34.0,2131821.0,1,7.0,Resnet50Model128
6,41.0,2131923.9999999995,1,7.0,TransformerModel256
7,47.0,2131657.0,1,6.0,Inception4Model256
8,54.0,2131583.9999999995,1,7.0,DeepspeechModel64
9,61.0,2131456.0,1,7.0,ChatbotModel256
10,68.0,2100449.0,1,7.0,DcganModel256
11,75.0,2131992.9999999995,1,7.0,VideopredictionModel64
12,82.0,2131628.9999999995,1,7.0,VideopredictionModel64
13,89.0,2131365.0,1,7.0,GooglenetModel128
14,95.0,2131722.9999999995,1,6.0,DcganModel256
15,101.0,2131396.0,1,6.0,ChatbotModel256
16,108.0,2132068.0,1,7.0,ChatbotModel256
17,114.0,2131429.9999999995,1,6.0,VideopredictionModel64
18,120.0,2130665.0,1,6.0,GooglenetModel128
19,128.0,2131209.9999999995,1,8.0,TransformerModel256
20,136.0,2131586.0,1,8.0,VideopredictionModel64
21,142.0,2131328.0,1,6.0,DeepspeechModel64
22,690761.0,13.0,1,690619.0,Resnet50Model128
23,690988.0,167.0,1,227.0,VggnetModel256
24,691875.0,167.0,1,887.0,Resnet50Model128
25,691877.0,19.0,1,2.0,TransformerModel256
26,692576.0,93929.0,1,699.0,VggnetModel256
27,693533.0,93926.0,1,957.0,Inception4Model256
28,700252.0,93766.0,1,6719.0,Resnet50Model128
29,702587.0,83714.0,1,2335.0,VideopredictionModel64
30,702691.0,47656.0,1,104.0,GooglenetModel128
31,702715.0,48164.0,1,24.0,Resnet50Model128
32,703872.0,37242.0,1,1157.0,Resnet50Model128
33,704225.0,42208.0,1,353.0,Resnet50Model128
34,704279.0,44431.0,1,54.0,ChatbotModel256
35,704345.0,44506.0,1,66.0,VggnetModel256
36,704390.0,44525.0,1,45.0,GooglenetModel128
37,863744.0,66.0,1,159354.0,VggnetModel256
38,863836.0,45.0,1,92.0,DeepspeechModel64
39,935511.0,58543.0,1,71675.0,ChatbotModel256
40,936386.0,59115.0,1,875.0,Resnet50Model128
41,937754.0,189.0,1,1368.0,Inception4Model256
42,937920.0,58491.0,1,166.0,ChatbotModel256
43,937949.0,58909.00000000001,1,29.0,Inception4Model256
44,938081.0,59373.99999999999,1,132.0,VggnetModel256
45,938113.0,59326.0,1,32.0,VggnetModel256
46,938142.0,147.0,1,29.0,DeepspeechModel64
47,938166.0,58726.0,1,24.0,TransformerModel256
48,938190.0,58585.0,1,24.0,TransformerModel256
49,938192.0,59117.0,1,2.0,DcganModel256
50,950582.0,59549.0,1,12390.0,VideopredictionModel64
51,958957.0,5.0,1,8375.0,DeepspeechModel64
52,959294.0,73249.0,1,337.0,GooglenetModel128
53,959635.0,14.999999999999998,1,341.0,DeepspeechModel64
54,959881.0,72118.0,1,246.0,VideopredictionModel64
55,960029.0,75394.0,1,148.0,GooglenetModel128
56,960056.0,75615.0,1,27.0,GooglenetModel128
57,960601.0,74168.0,1,545.0,ChatbotModel256
58,960625.0,74609.0,1,24.0,Resnet50Model128
59,960756.0,77010.0,1,131.0,DcganModel256
60,961107.0,2429.0,1,351.0,ChatbotModel256
61,961139.0,2554.0,1,32.0,Inception4Model256
62,961167.0,2561.0,1,28.0,VggnetModel256
63,968529.0,74437.0,1,7362.0,Resnet50Model128
64,968562.0,73421.0,1,33.0,TransformerModel256
65,968605.0,74518.0,1,43.0,DeepspeechModel64
66,968944.0,73635.0,1,339.0,DeepspeechModel64
67,973805.0,73035.0,1,4861.0,DcganModel256
68,973862.0,75425.0,1,57.0,DeepspeechModel64
69,973911.0,74213.0,1,49.0,DeepspeechModel64
70,973985.0,100391.0,1,74.0,Resnet50Model128
71,1019314.0,58071.0,1,45329.0,DeepspeechModel64
72,1025082.0,72505.0,1,5768.0,DeepspeechModel64
73,1045144.0,72545.0,1,20062.0,VideopredictionModel64
74,1045189.0,118448.0,1,45.0,DeepspeechModel64
75,1045336.0,74275.0,1,147.0,Resnet50Model128
76,1045400.0,76071.0,1,64.0,ChatbotModel256
77,1045446.0,126468.00000000001,1,46.0,TransformerModel256
78,1045552.0,75260.0,1,106.0,TransformerModel256
79,1115960.0,124239.0,1,70408.0,VggnetModel256
80,1126474.0,15.0,1,10514.0,GooglenetModel128
81,1126778.0,181.00000000000003,1,304.0,TransformerModel256
82,1127794.0,75721.0,1,1016.0,Resnet50Model128
83,1128497.0,75503.0,1,703.0,VggnetModel256
84,1141411.0,71382.0,1,12914.0,TransformerModel256
85,1363136.0,9.0,1,221725.0,VggnetModel256
86,1363302.0,161.0,1,166.0,GooglenetModel128
87,1363678.0,125852.0,1,376.0,Inception4Model256
88,1364078.0,128844.99999999999,1,400.0,DeepspeechModel64
89,1364234.0,123623.0,1,156.0,Inception4Model256
90,1364283.0,128400.99999999999,1,49.0,VggnetModel256
91,1364702.0,125958.0,1,419.0,Resnet50Model128
92,1364742.0,124250.00000000001,1,40.0,Inception4Model256
93,1365153.0,127108.00000000001,1,411.0,VggnetModel256
94,1365201.0,128036.00000000001,1,48.0,ChatbotModel256
95,1366732.0,45558.00000000001,1,1531.0,TransformerModel256
96,1369235.0,152.0,1,2503.0,VggnetModel256
97,1369282.0,128470.99999999999,1,47.0,Inception4Model256
98,1370285.0,13.0,1,1003.0,ChatbotModel256
99,1370327.0,130022.0,1,42.0,Inception4Model256
100,1370356.0,124.0,1,29.0,Inception4Model256
101,1371397.0,79713.0,1,1041.0,Resnet50Model128
102,1372151.0,129698.00000000001,1,754.0,Resnet50Model128
103,1378032.0,78382.0,1,5881.0,Inception4Model256
104,1379133.0,80264.0,1,1101.0,Resnet50Model128
105,1379192.0,79698.0,1,59.0,DeepspeechModel64
106,1379231.0,135503.0,1,39.0,GooglenetModel128
107,1379890.0,131896.0,1,659.0,Inception4Model256
108,1380601.0,127221.0,1,711.0,GooglenetModel128
109,1380669.0,77888.0,1,68.0,DeepspeechModel64
110,1649781.0,73528.0,1,269112.0,DcganModel256
111,1650338.0,72904.0,1,557.0,VideopredictionModel64
112,1712709.0,260.0,1,62371.0,Inception4Model256
113,1713919.0,87473.0,1,1210.0,Resnet50Model128
114,1723386.0,86232.0,1,9467.0,VggnetModel256
115,1723803.0,85575.0,1,417.0,VggnetModel256
116,1723842.0,7.0,1,39.0,DcganModel256
117,1723994.0,1891.0000000000002,1,152.0,VggnetModel256
118,1724175.0,85115.0,1,181.0,DcganModel256
119,1724302.0,79975.0,1,127.0,Resnet50Model128
120,1724834.0,17.0,1,532.0,Resnet50Model128
121,1724988.0,167.0,1,154.0,VideopredictionModel64
122,1725760.0,33439.0,1,772.0,VideopredictionModel64
123,1726203.0,2095.0,1,443.0,VideopredictionModel64
124,1730161.0,111348.0,1,3958.0,Inception4Model256
125,1730756.0,111122.0,1,595.0,Resnet50Model128
126,1732151.0,109408.0,1,1395.0,Inception4Model256
127,1732978.0,109097.0,1,827.0,VggnetModel256
128,1733082.0,108684.0,1,104.0,VideopredictionModel64
129,1743130.0,13.0,1,10048.0,VideopredictionModel64
130,1743378.0,2462.0,1,248.0,Resnet50Model128
131,1743463.0,2500.0,1,85.0,VideopredictionModel64
132,1743531.0,941.0000000000001,1,68.0,Inception4Model256
133,1743557.0,966.0000000000001,1,26.0,VideopredictionModel64
134,1743584.0,1121.0000000000002,1,27.0,DeepspeechModel64
135,1743955.0,2790.0,1,371.0,Resnet50Model128
136,1744122.0,1006.0000000000001,1,167.0,VggnetModel256
137,1744149.0,868.0,1,27.0,DeepspeechModel64
138,1744210.0,1653.0,1,61.0,Resnet50Model128
139,1744237.0,1159.0,1,27.0,DcganModel256
140,1756315.0,81904.0,1,12078.0,VideopredictionModel64
141,1756404.0,75806.0,1,89.0,VggnetModel256
142,1756462.0,403.0,1,58.0,VideopredictionModel64
143,1756533.0,77729.0,1,71.0,TransformerModel256
144,1756551.0,934.9999999999999,1,18.0,VggnetModel256
145,1756604.0,1047.0,1,53.0,DcganModel256
146,1756698.0,370.00000000000006,1,94.0,TransformerModel256
147,1756796.0,514.9999999999999,1,98.0,Resnet50Model128
148,1756939.0,639.0000000000001,1,143.0,GooglenetModel128
149,1757019.0,75019.0,1,80.0,VideopredictionModel64
150,1759053.0,857.0,1,2034.0,VggnetModel256
151,1759074.0,1314.0,1,21.0,DeepspeechModel64
152,1759094.0,983.9999999999999,1,20.0,DcganModel256
153,1759398.0,900.0000000000001,1,304.0,TransformerModel256
154,1759533.0,73228.0,1,135.0,ChatbotModel256
155,1759582.0,76384.0,1,49.0,VideopredictionModel64
156,1759611.0,960.0,1,29.0,VideopredictionModel64
157,1759637.0,928.0000000000001,1,26.0,Inception4Model256
158,1796081.0,50771.0,1,36444.0,VideopredictionModel64
159,1801012.0,2272.0,1,4931.0,DcganModel256
160,1801032.0,1757.0,1,20.0,DcganModel256
161,1801075.0,1745.9999999999998,1,43.0,GooglenetModel128
162,1801112.0,2130.0,1,37.0,DcganModel256
163,1801226.0,3090.0,1,114.0,VideopredictionModel64
164,1801646.0,16354.999999999998,1,420.0,VideopredictionModel64
165,1801663.0,1719.0,1,17.0,Resnet50Model128
166,1803791.0,74322.0,1,2128.0,Inception4Model256
167,1803799.0,14881.0,1,8.0,Resnet50Model128
168,1803807.0,56589.0,1,8.0,DcganModel256
169,1809683.0,113437.0,1,5876.0,Resnet50Model128
170,1810858.0,112331.0,1,1175.0,DcganModel256
171,1812421.0,111042.0,1,1563.0,TransformerModel256
172,1812636.0,110996.0,1,215.0,ChatbotModel256
173,1812687.0,83556.0,1,51.0,VggnetModel256
174,1813448.0,73284.0,1,761.0,VideopredictionModel64
175,1814256.0,74073.0,1,808.0,DeepspeechModel64
176,1815141.0,73649.0,1,885.0,DcganModel256
177,1815174.0,72667.0,1,33.0,TransformerModel256
178,1837801.0,523.0,1,22627.0,VideopredictionModel64
179,1840065.0,12.000000000000002,1,2264.0,Inception4Model256
180,1840330.0,42864.0,1,265.0,Resnet50Model128
181,1841216.0,70954.0,1,886.0,ChatbotModel256
182,1842364.0,68892.0,1,1148.0,TransformerModel256
183,1842912.0,100967.0,1,548.0,Resnet50Model128
184,1843553.0,75181.0,1,641.0,DeepspeechModel64
185,1843865.0,72952.0,1,312.0,TransformerModel256
186,1843894.0,80340.0,1,29.0,Resnet50Model128
187,1844993.0,61451.0,1,1099.0,Resnet50Model128
188,1845097.0,68259.0,1,104.0,ChatbotModel256
189,1845123.0,68687.0,1,26.0,ChatbotModel256
190,1845223.0,71010.0,1,100.0,Resnet50Model128
191,1845365.0,79596.0,1,142.0,Inception4Model256
192,1845418.0,100540.0,1,53.0,Resnet50Model128
193,1845450.0,79217.0,1,32.0,ChatbotModel256
194,1845482.0,79836.0,1,32.0,ChatbotModel256
195,1884524.0,38272.0,1,39042.0,TransformerModel256
196,1885142.0,69839.0,1,618.0,GooglenetModel128
197,1885343.0,68648.0,1,201.0,Inception4Model256
198,1885827.0,48867.99999999999,1,484.0,Inception4Model256
199,1885866.0,90694.0,1,39.0,VideopredictionModel64
200,1885939.0,69197.0,1,73.0,GooglenetModel128
201,1888031.0,86128.0,1,2092.0,TransformerModel256
202,1888056.0,88365.0,1,25.0,VideopredictionModel64
203,1888077.0,88437.0,1,21.0,DeepspeechModel64
204,1888100.0,85838.0,1,23.0,VggnetModel256
205,1924105.0,69359.0,1,36005.0,Inception4Model256
206,1924148.0,67334.0,1,43.0,TransformerModel256
207,1924173.0,75998.0,1,25.0,TransformerModel256
208,1924211.0,58629.99999999999,1,38.0,VggnetModel256
209,1924246.0,68955.0,1,35.0,VideopredictionModel64
210,1924278.0,75868.0,1,32.0,GooglenetModel128
211,1924444.0,49304.0,1,166.0,GooglenetModel128
212,1924474.0,79424.0,1,30.0,VggnetModel256
213,1924514.0,49301.0,1,40.0,Resnet50Model128
214,1924578.0,38118.0,1,64.0,VideopredictionModel64
215,1947804.0,68543.0,1,23226.0,VideopredictionModel64
216,1948900.0,69040.0,1,1096.0,DeepspeechModel64
217,1948958.0,106384.0,1,58.0,DeepspeechModel64
218,1948989.0,87103.0,1,31.0,VggnetModel256
219,1949016.0,110898.0,1,27.0,Resnet50Model128
220,1949044.0,68281.0,1,28.0,ChatbotModel256
221,1949116.0,110935.0,1,72.0,Resnet50Model128
222,1949149.0,110993.0,1,33.0,Inception4Model256
223,1949186.0,110843.0,1,37.0,GooglenetModel128
224,1949225.0,110951.00000000001,1,39.0,GooglenetModel128
225,1983719.0,88426.0,1,34494.0,Inception4Model256
226,1983744.0,86796.0,1,25.0,GooglenetModel128
227,1983786.0,25.0,1,42.0,DeepspeechModel64
228,1983857.0,86123.0,1,71.0,Inception4Model256
229,2000437.0,68389.0,1,16580.0,TransformerModel256
230,2000491.0,68587.0,1,54.0,TransformerModel256
231,2001339.0,69190.0,1,848.0,TransformerModel256
232,2001537.0,90140.0,1,198.0,Inception4Model256
233,2004839.0,69279.0,1,3302.0,TransformerModel256
234,2004950.0,64751.99999999999,1,111.0,ChatbotModel256
235,2007012.0,63484.0,1,2062.0,ChatbotModel256
236,2007100.0,69265.0,1,88.0,DcganModel256
237,2007405.0,44546.0,1,305.0,GooglenetModel128
238,2064494.0,39.0,1,57089.0,DcganModel256
239,2064656.0,69064.0,1,162.0,ChatbotModel256
240,2064706.0,80096.99999999999,1,50.0,Inception4Model256
241,2064731.0,70054.0,1,25.0,Resnet50Model128
242,2064753.0,69326.0,1,22.0,GooglenetModel128
243,2064768.0,69155.0,1,15.0,TransformerModel256
244,2064789.0,69306.0,1,21.0,Inception4Model256
245,2064842.0,70172.0,1,53.0,VggnetModel256
246,2064872.0,69866.0,1,30.0,GooglenetModel128
247,2064921.0,69269.0,1,49.0,VggnetModel256
248,2064948.0,2.0,1,27.0,DcganModel256
249,2065001.0,68898.0,1,53.0,VggnetModel256
250,2114990.0,70389.0,1,49989.0,DeepspeechModel64
251,2115233.0,69288.0,1,243.0,VideopredictionModel64
252,2172384.0,72387.0,1,57151.0,DeepspeechModel64
253,2172632.0,72570.0,1,248.0,Resnet50Model128
254,2172693.0,74213.0,1,61.0,Resnet50Model128
255,2172713.0,70626.0,1,20.0,VideopredictionModel64
256,2172744.0,71841.0,1,31.0,VideopredictionModel64
257,2172762.0,75326.0,1,18.0,ChatbotModel256
258,2172991.0,67584.0,1,229.0,VggnetModel256
259,2173040.0,62446.0,1,49.0,Resnet50Model128
260,2173069.0,81882.0,1,29.0,VideopredictionModel64
261,2173099.0,68507.0,1,30.0,ChatbotModel256
262,2173117.0,65660.0,1,18.0,ChatbotModel256
263,2173142.0,81217.0,1,25.0,GooglenetModel128
264,2173428.0,71604.0,1,286.0,VideopredictionModel64
265,2173474.0,54240.0,1,46.0,DeepspeechModel64
266,2173490.0,53659.0,1,16.0,ChatbotModel256
267,2173509.0,52028.0,1,19.0,VggnetModel256
268,2173525.0,51837.00000000001,1,16.0,DeepspeechModel64
269,2173541.0,52405.99999999999,1,16.0,VggnetModel256
270,2187649.0,98956.0,1,14108.0,DcganModel256
271,2187717.0,77413.0,1,68.0,DeepspeechModel64
272,2187760.0,96969.0,1,43.0,Inception4Model256
273,2187833.0,100705.0,1,73.0,DeepspeechModel64
274,2187857.0,63009.00000000001,1,24.0,DcganModel256
275,2188088.0,63723.99999999999,1,231.0,Resnet50Model128
276,2188436.0,89163.0,1,348.0,Resnet50Model128
277,2188472.0,84085.0,1,36.0,ChatbotModel256
278,2188538.0,110678.0,1,66.0,VideopredictionModel64
279,2188589.0,94214.00000000001,1,51.0,TransformerModel256
280,2188626.0,91753.0,1,37.0,VggnetModel256
281,2188647.0,110316.0,1,21.0,VideopredictionModel64
282,2189239.0,59392.0,1,592.0,TransformerModel256
283,2189271.0,92129.0,1,32.0,DeepspeechModel64
284,2189508.0,194.0,1,237.0,ChatbotModel256
285,2190022.0,9.0,1,514.0,DeepspeechModel64
286,2190078.0,7.0,1,56.0,GooglenetModel128
287,2190090.0,7.0,1,12.0,Resnet50Model128
288,2190114.0,141.0,1,24.0,Resnet50Model128
289,2190135.0,7.0,1,21.0,Inception4Model256
290,2190292.0,59839.0,1,157.0,TransformerModel256
291,2190431.0,58954.0,1,139.0,Inception4Model256
292,2190458.0,59188.0,1,27.0,Resnet50Model128
293,2190758.0,78724.0,1,300.0,TransformerModel256
294,2190809.0,103367.0,1,51.0,ChatbotModel256
295,2190834.0,66178.0,1,25.0,Inception4Model256
296,2190860.0,64393.0,1,26.0,ChatbotModel256
297,2190888.0,62169.00000000001,1,28.0,GooglenetModel128
298,2190910.0,63985.00000000001,1,22.0,DcganModel256
299,2242869.0,61351.0,1,51959.0,TransformerModel256
300,2253685.0,82523.0,1,10816.0,VggnetModel256
301,2261082.0,25.0,1,7397.0,VggnetModel256
302,2261456.0,60661.0,1,374.0,Resnet50Model128
303,2261522.0,74049.0,1,66.0,GooglenetModel128
304,2261624.0,60543.0,1,102.0,DcganModel256
305,2261654.0,74596.0,1,30.0,DcganModel256
306,2262019.0,631.0,1,365.0,ChatbotModel256
307,2262150.0,73882.0,1,131.0,VideopredictionModel64
308,2262210.0,399.9999999999999,1,60.0,VideopredictionModel64
309,2262638.0,162.0,1,428.0,ChatbotModel256
310,2262748.0,153.0,1,110.0,VggnetModel256
311,2263249.0,63270.0,1,501.0,VideopredictionModel64
312,2263395.0,72850.0,1,146.0,DcganModel256
313,2263503.0,72764.0,1,108.0,VideopredictionModel64
314,2263536.0,72684.0,1,33.0,VideopredictionModel64
315,2263557.0,72708.0,1,21.0,Resnet50Model128
316,2278071.0,57982.0,1,14514.0,DcganModel256
317,2278104.0,58278.0,1,33.0,GooglenetModel128
318,2278143.0,58274.0,1,39.0,ChatbotModel256
319,2278190.0,10.0,1,47.0,DeepspeechModel64
320,2278253.0,3156.0,1,63.0,Inception4Model256
321,2278999.0,57525.0,1,746.0,VggnetModel256
322,2279635.0,56289.00000000001,1,636.0,VideopredictionModel64
323,2279684.0,1755.0,1,49.0,Inception4Model256
324,2279858.0,2454.0,1,174.0,ChatbotModel256
325,2279910.0,51819.0,1,52.0,VideopredictionModel64
326,2279964.0,57646.0,1,54.0,DeepspeechModel64
327,2319859.0,16806.0,1,39895.0,DeepspeechModel64
328,2320312.0,15927.999999999998,1,453.0,GooglenetModel128
329,2320313.0,39.0,1,1.0,ChatbotModel256
330,2320318.0,68.0,1,5.0,DcganModel256
331,2337901.0,91818.0,1,17583.0,DeepspeechModel64
332,2337999.0,92327.0,1,98.0,GooglenetModel128
333,2338008.0,16.0,1,9.0,TransformerModel256
334,2338068.0,91295.0,1,60.0,ChatbotModel256
335,2338082.0,91288.0,1,14.0,GooglenetModel128
336,2338588.0,96199.0,1,506.0,Resnet50Model128
337,2338588.0,94364.0,1,0.0,TransformerModel256
338,2338589.0,125.00000000000001,1,1.0,ChatbotModel256
339,2338590.0,84.0,1,1.0,Resnet50Model128
340,2338591.0,94514.0,1,1.0,DcganModel256
341,2338591.0,372.99999999999994,1,0.0,DcganModel256
342,2338591.0,162.0,1,0.0,ChatbotModel256
343,2339584.0,92982.0,1,993.0,GooglenetModel128
344,2339604.0,109250.0,1,20.0,DcganModel256
345,2339650.0,96592.0,1,46.0,VggnetModel256
346,2340778.0,59990.0,1,1128.0,Resnet50Model128
347,2341305.0,60467.0,1,527.0,VideopredictionModel64
348,2346347.0,92199.0,1,5042.0,DeepspeechModel64
349,2365153.0,63454.99999999999,1,18806.0,GooglenetModel128
350,2365204.0,62773.0,1,51.0,DeepspeechModel64
351,2365234.0,65598.0,1,30.0,TransformerModel256
352,2365284.0,65205.00000000001,1,50.0,VggnetModel256
353,2365351.0,64664.0,1,67.0,Resnet50Model128
354,2365429.0,64160.99999999999,1,78.0,GooglenetModel128
355,2446950.0,63230.99999999999,1,81521.0,DeepspeechModel64
356,2447074.0,63174.00000000001,1,124.0,DeepspeechModel64
357,2447115.0,64482.0,1,41.0,DeepspeechModel64
358,2447166.0,65902.0,1,51.0,VggnetModel256
359,2447241.0,62776.00000000001,1,75.0,VggnetModel256
360,2447638.0,62562.99999999999,1,397.0,VideopredictionModel64
361,2448052.0,62841.99999999999,1,414.0,DeepspeechModel64
362,2448166.0,63854.0,1,114.0,DcganModel256
363,2448354.0,95554.0,1,188.0,Resnet50Model128
364,2448418.0,64794.000000000015,1,64.0,Resnet50Model128
365,2448476.0,96226.99999999999,1,58.0,Inception4Model256
366,2448581.0,62165.99999999999,1,105.0,GooglenetModel128
367,2449440.0,94748.0,1,859.0,Inception4Model256
368,2449442.0,95661.0,1,2.0,GooglenetModel128
369,2526458.0,13844.0,1,77016.0,Resnet50Model128
370,2527371.0,12726.0,1,913.0,DeepspeechModel64
371,2527425.0,12373.000000000002,1,54.0,GooglenetModel128
372,2527652.0,196.0,1,227.0,GooglenetModel128
373,2527747.0,12465.0,1,95.0,VggnetModel256
374,2527792.0,11940.0,1,45.0,ChatbotModel256
375,2527959.0,12099.0,1,167.0,VideopredictionModel64
376,2528037.0,11927.0,1,78.0,DeepspeechModel64
377,2528118.0,12013.0,1,81.0,Resnet50Model128
378,2528371.0,11666.000000000002,1,253.0,TransformerModel256
379,2528414.0,11607.0,1,43.0,DcganModel256
380,2528467.0,12231.0,1,53.0,Resnet50Model128
381,2530754.0,9716.0,1,2287.0,Inception4Model256
382,2532292.0,8509.0,1,1538.0,VideopredictionModel64
383,2532323.0,8430.0,1,31.0,GooglenetModel128
384,2532352.0,8429.0,1,29.0,DeepspeechModel64
385,2532376.0,8596.0,1,24.0,VggnetModel256
386,2532401.0,8423.0,1,25.0,VideopredictionModel64
387,2532433.0,8471.0,1,32.0,Resnet50Model128
388,2532478.0,8383.0,1,45.0,TransformerModel256
389,2532557.0,8403.0,1,79.0,TransformerModel256
390,2532727.0,8260.0,1,170.0,GooglenetModel128
391,2532752.0,8957.0,1,25.0,ChatbotModel256
392,2532772.0,8569.0,1,20.0,VideopredictionModel64
393,2533627.0,7849.0,1,855.0,DcganModel256
394,2533654.0,7794.999999999999,1,27.0,DeepspeechModel64
395,2533741.0,7780.0,1,87.0,ChatbotModel256
396,2533770.0,7792.0,1,29.0,Resnet50Model128
397,2533828.0,7580.999999999999,1,58.0,TransformerModel256
398,2533852.0,7751.999999999998,1,24.0,Resnet50Model128
399,2533880.0,7740.0,1,28.0,DcganModel256
400,2533934.0,8394.0,1,54.0,DeepspeechModel64
401,2534031.0,8302.0,1,97.0,ChatbotModel256
402,2534049.0,8362.0,1,18.0,Resnet50Model128
403,2534072.0,8329.0,1,23.0,VggnetModel256
404,2534227.0,8092.0,1,155.0,TransformerModel256
405,2534450.0,8121.0,1,223.0,Resnet50Model128
406,2534477.0,8168.0,1,27.0,ChatbotModel256
407,2534499.0,8204.0,1,22.0,TransformerModel256
408,2534532.0,8229.0,1,33.0,TransformerModel256
409,2534580.0,8222.0,1,48.0,VideopredictionModel64
410,2534604.0,8907.0,1,24.0,VggnetModel256
411,2534632.0,8850.0,1,28.0,VideopredictionModel64
412,2534667.0,8815.0,1,35.0,Resnet50Model128
413,2534680.0,8783.0,1,13.0,DcganModel256
414,2534705.0,8746.0,1,25.0,Resnet50Model128
415,2534714.0,8716.0,1,9.0,Inception4Model256
416,2540104.0,96328.0,1,5390.0,ChatbotModel256
417,2540122.0,96121.0,1,18.0,VggnetModel256
418,2540150.0,62696.00000000001,1,28.0,Resnet50Model128
419,2540169.0,96811.0,1,19.0,VggnetModel256
420,2540195.0,64113.99999999999,1,26.0,Resnet50Model128
421,2540214.0,62584.99999999999,1,19.0,DcganModel256
422,2540233.0,95924.0,1,19.0,GooglenetModel128
423,2540279.0,110932.0,1,46.0,Inception4Model256
424,2540302.0,62751.0,1,23.0,DeepspeechModel64
425,2540323.0,95644.0,1,21.0,GooglenetModel128
426,2540491.0,81323.0,1,168.0,Resnet50Model128
427,2540942.0,97014.0,1,451.0,Inception4Model256
428,2540963.0,96118.0,1,21.0,DeepspeechModel64
429,2540983.0,96056.0,1,20.0,ChatbotModel256
430,2541001.0,97936.0,1,18.0,DeepspeechModel64
431,2541022.0,63489.000000000015,1,21.0,DeepspeechModel64
432,2541042.0,62728.0,1,20.0,GooglenetModel128
433,2541065.0,61992.0,1,23.0,Inception4Model256
434,2541191.0,62861.999999999985,1,126.0,ChatbotModel256
435,2541452.0,65794.0,1,261.0,Inception4Model256
436,2541478.0,95560.0,1,26.0,Resnet50Model128
437,2541505.0,106779.0,1,27.0,ChatbotModel256
438,2541526.0,92684.00000000001,1,21.0,DcganModel256
439,2541565.0,93359.0,1,39.0,DcganModel256
440,2541590.0,62694.000000000015,1,25.0,Inception4Model256
441,2541608.0,64385.99999999999,1,18.0,Resnet50Model128
442,2541636.0,95031.0,1,28.0,DcganModel256
443,2541665.0,61911.00000000001,1,29.0,VggnetModel256
444,2542352.0,95499.0,1,687.0,VideopredictionModel64
445,2542406.0,63089.99999999999,1,54.0,VggnetModel256
446,2542444.0,63594.000000000015,1,38.0,ChatbotModel256
447,2542478.0,61794.00000000001,1,34.0,DcganModel256
448,2542554.0,93455.0,1,76.0,TransformerModel256
449,2542637.0,61524.99999999999,1,83.0,DcganModel256
450,2542688.0,61149.99999999999,1,51.0,TransformerModel256
451,2542759.0,64363.0,1,71.0,Inception4Model256
452,2542782.0,61284.0,1,23.0,ChatbotModel256
453,2542903.0,92735.0,1,121.0,GooglenetModel128
454,2543562.0,91504.0,1,659.0,Inception4Model256
455,2543565.0,84.0,1,3.0,Inception4Model256
456,2543588.0,60629.0,1,23.0,TransformerModel256
457,2543645.0,62766.00000000001,1,57.0,DcganModel256
458,2543701.0,108364.00000000001,1,56.0,DeepspeechModel64
459,2543714.0,63987.0,1,13.0,Inception4Model256
460,2543728.0,64534.99999999999,1,14.0,Inception4Model256
461,2619570.0,8.0,1,75842.0,GooglenetModel128
462,2620390.0,62607.0,1,820.0,VggnetModel256
463,2621136.0,62354.0,1,746.0,VggnetModel256
464,2621160.0,66633.0,1,24.0,Inception4Model256
465,2621206.0,65494.99999999999,1,46.0,VideopredictionModel64
466,2621235.0,98390.0,1,29.0,Resnet50Model128
467,2621292.0,65558.0,1,57.0,VggnetModel256
468,2621409.0,66121.0,1,117.0,VideopredictionModel64
469,2621537.0,68188.0,1,128.0,VideopredictionModel64
470,2621537.0,152164.0,1,0.0,GooglenetModel128
471,2621554.0,184303.0,1,17.0,VggnetModel256
472,2621619.0,68161.0,1,65.0,TransformerModel256
473,2621664.0,69481.0,1,45.0,VideopredictionModel64
474,2621703.0,69492.0,1,39.0,Inception4Model256
475,2936783.0,94344.0,1,315080.0,Resnet50Model128
476,2938030.0,62104.99999999999,1,1247.0,TransformerModel256
477,2938164.0,61111.0,1,134.0,Resnet50Model128
478,3004859.0,177742.0,1,66695.0,VideopredictionModel64
479,3005014.0,107508.0,1,155.0,DcganModel256
480,3229976.0,515.0,1,224962.0,DeepspeechModel64
481,3230313.0,24.0,1,337.0,DcganModel256
482,3230585.0,96045.0,1,272.0,Resnet50Model128
483,3230684.0,97008.0,1,99.0,DcganModel256
484,3231182.0,96247.00000000001,1,498.0,Inception4Model256
485,3231852.0,96210.0,1,670.0,DcganModel256
486,3231888.0,94280.00000000001,1,36.0,TransformerModel256
487,3232063.0,62479.999999999985,1,175.0,TransformerModel256
488,3233237.0,95648.0,1,1174.0,DeepspeechModel64
489,3233614.0,96508.0,1,377.0,DcganModel256
490,3235376.0,63089.00000000001,1,1762.0,TransformerModel256
491,3235699.0,95869.00000000001,1,323.0,GooglenetModel128
492,3235702.0,96697.0,1,3.0,Resnet50Model128
493,3450507.0,878.0,1,214805.0,Resnet50Model128
494,3450512.0,345.0,1,5.0,VideopredictionModel64
495,3450518.0,412.99999999999994,1,6.0,TransformerModel256
496,3450523.0,357.00000000000006,1,5.0,TransformerModel256
497,3450527.0,420.0,1,4.0,DcganModel256
498,3450532.0,466.00000000000006,1,5.0,VggnetModel256
499,3450538.0,440.0,1,6.0,ChatbotModel256
500,3450543.0,351.0,1,5.0,TransformerModel256
501,3450548.0,272.0,1,5.0,GooglenetModel128
502,3450557.0,392.99999999999994,1,9.0,TransformerModel256
503,3450562.0,352.0,1,5.0,DcganModel256
504,3450567.0,415.00000000000006,1,5.0,DcganModel256
505,3450571.0,357.0,1,4.0,VideopredictionModel64
506,3450576.0,381.0,1,5.0,ChatbotModel256
507,3450581.0,443.0,1,5.0,TransformerModel256
508,3450586.0,415.0,1,5.0,Resnet50Model128
509,3450590.0,338.0,1,4.0,Inception4Model256
510,3450595.0,439.0,1,5.0,Resnet50Model128
511,3450599.0,395.0,1,4.0,Inception4Model256
512,3450604.0,76.0,1,5.0,TransformerModel256
513,3450609.0,381.00000000000006,1,5.0,DeepspeechModel64
514,3451935.0,73598.0,1,1326.0,GooglenetModel128
515,3451939.0,340.0,1,4.0,TransformerModel256
516,3451944.0,15.0,1,5.0,VideopredictionModel64
517,3451949.0,10.0,1,5.0,Resnet50Model128
518,3451954.0,75232.0,1,5.0,TransformerModel256
519,3451958.0,395.00000000000006,1,4.0,VideopredictionModel64
520,3451963.0,68482.0,1,5.0,DeepspeechModel64
521,3451968.0,68245.0,1,5.0,GooglenetModel128
522,3451973.0,67783.0,1,5.0,ChatbotModel256
523,3451978.0,68804.0,1,5.0,VideopredictionModel64
524,3451983.0,69047.0,1,5.0,GooglenetModel128
525,3451989.0,368.0,1,6.0,Inception4Model256
526,3451995.0,48426.0,1,6.0,GooglenetModel128
527,3452000.0,45719.00000000001,1,5.0,GooglenetModel128
528,3452005.0,46212.0,1,5.0,ChatbotModel256
529,3452010.0,44003.0,1,5.0,TransformerModel256
530,3452014.0,11.0,1,4.0,VggnetModel256
531,3452019.0,43778.00000000001,1,5.0,DeepspeechModel64
532,3452024.0,40672.0,1,5.0,GooglenetModel128
533,3452029.0,71327.0,1,5.0,GooglenetModel128
534,3452034.0,69822.0,1,5.0,DcganModel256
535,3521520.0,1334.9999999999998,1,69486.0,DcganModel256
536,3521525.0,1225.0,1,5.0,VggnetModel256
537,3521530.0,1596.0,1,5.0,Inception4Model256
538,3521534.0,3461.0,1,4.0,Resnet50Model128
539,3521601.0,736.0,1,67.0,ChatbotModel256
540,3521606.0,1293.0,1,5.0,Inception4Model256
541,3521610.0,1600.0,1,4.0,DeepspeechModel64
542,3521615.0,1384.0,1,5.0,VggnetModel256
543,3521620.0,1691.0,1,5.0,DcganModel256
544,3525931.0,418.0,1,4311.0,Inception4Model256
545,3525936.0,10.0,1,5.0,DeepspeechModel64
546,3525940.0,419.0,1,4.0,ChatbotModel256
547,3525944.0,412.0,1,4.0,Resnet50Model128
548,3525949.0,401.0,1,5.0,VggnetModel256
549,3525975.0,200.99999999999997,1,26.0,TransformerModel256
550,3525980.0,441.00000000000006,1,5.0,DeepspeechModel64
551,3525984.0,390.0,1,4.0,VggnetModel256
552,3525988.0,350.0,1,4.0,Inception4Model256
553,3525993.0,357.0,1,5.0,Resnet50Model128
554,3527689.0,158423.0,1,1696.0,GooglenetModel128
555,3527694.0,609911.0,1,5.0,ChatbotModel256
556,3527698.0,609848.0,1,4.0,GooglenetModel128
557,3527703.0,609754.0,1,5.0,Resnet50Model128
558,3527708.0,609223.0,1,5.0,DeepspeechModel64
559,3527745.0,221007.0,1,37.0,GooglenetModel128
560,3527750.0,609796.0,1,5.0,ChatbotModel256
561,3527754.0,609872.0,1,4.0,DeepspeechModel64
562,3527760.0,609877.0,1,6.0,VggnetModel256
563,3527765.0,91443.0,1,5.0,Inception4Model256
564,3532965.0,495.00000000000006,1,5200.0,ChatbotModel256
565,3533744.0,1488.0000000000002,1,779.0,DeepspeechModel64
566,3533752.0,1204.0,1,8.0,VggnetModel256
567,3533757.0,1501.0,1,5.0,Inception4Model256
568,3533761.0,927.0,1,4.0,DcganModel256
569,3533766.0,899.0000000000001,1,5.0,Inception4Model256
570,3533771.0,1317.9999999999998,1,5.0,DeepspeechModel64
571,3533777.0,890.0,1,6.0,TransformerModel256
572,3533782.0,1030.0,1,5.0,DeepspeechModel64
573,3533786.0,735.0,1,4.0,DeepspeechModel64
574,3533791.0,1059.0,1,5.0,VideopredictionModel64
575,3533795.0,1038.0,1,4.0,GooglenetModel128
576,3533800.0,1102.0,1,5.0,TransformerModel256
577,3533804.0,1245.0,1,4.0,ChatbotModel256
578,3533809.0,829.0,1,5.0,VggnetModel256
579,3533813.0,1022.0000000000001,1,4.0,GooglenetModel128
580,3533818.0,708.0,1,5.0,Resnet50Model128
581,3533823.0,723.0,1,5.0,Inception4Model256
582,3533827.0,705.0,1,4.0,VideopredictionModel64
583,3533831.0,757.0,1,4.0,Inception4Model256
584,3533837.0,1562.0,1,6.0,DeepspeechModel64
585,3533842.0,997.0000000000001,1,5.0,VideopredictionModel64
586,3533846.0,1196.0,1,4.0,Inception4Model256
587,3533851.0,622.0,1,5.0,VideopredictionModel64
588,3533855.0,1379.0,1,4.0,ChatbotModel256
589,3533859.0,1069.0,1,4.0,VideopredictionModel64
590,3533865.0,1058.0,1,6.0,Inception4Model256
591,3533869.0,993.0,1,4.0,Resnet50Model128
592,3533874.0,906.0,1,5.0,Resnet50Model128
593,3533880.0,955.0,1,6.0,DcganModel256
594,3533885.0,1168.0,1,5.0,VggnetModel256
595,3533890.0,1199.0,1,5.0,Resnet50Model128
596,3533895.0,615.0,1,5.0,DcganModel256
597,3533900.0,1036.0,1,5.0,Resnet50Model128
598,3533907.0,697.0,1,7.0,DcganModel256
599,3533913.0,888.0,1,6.0,Resnet50Model128
600,3533920.0,679.0,1,7.0,Inception4Model256
601,3533928.0,1016.0000000000001,1,8.0,Inception4Model256
602,3533933.0,1077.0,1,5.0,Inception4Model256
603,3533939.0,1077.0,1,6.0,DcganModel256
604,3533944.0,1091.0,1,5.0,DeepspeechModel64
605,3533949.0,1909.0,1,5.0,DcganModel256
606,3533954.0,938.0,1,5.0,VggnetModel256
607,3533959.0,979.9999999999999,1,5.0,DeepspeechModel64
608,3533964.0,668.0,1,5.0,Inception4Model256
609,3533971.0,629.0,1,7.0,GooglenetModel128
610,3533976.0,957.0,1,5.0,DcganModel256
611,3533981.0,1332.0,1,5.0,GooglenetModel128
612,3533986.0,1132.0,1,5.0,ChatbotModel256
613,3533991.0,910.0,1,5.0,TransformerModel256
614,3533998.0,1185.0,1,7.0,DcganModel256
615,3534003.0,929.0,1,5.0,GooglenetModel128
616,3534008.0,682.0,1,5.0,DcganModel256
617,3534013.0,1170.0,1,5.0,DcganModel256
618,3534018.0,1136.0,1,5.0,DcganModel256
619,3534022.0,997.0,1,4.0,DcganModel256
620,3534027.0,1000.0000000000001,1,5.0,Inception4Model256
621,3534032.0,783.0,1,5.0,TransformerModel256
622,3534037.0,738.0,1,5.0,Inception4Model256
623,3534042.0,673.0,1,5.0,Inception4Model256
624,3534047.0,1203.0,1,5.0,Resnet50Model128
625,3597334.0,1401.0,1,63287.0,Inception4Model256
626,3597341.0,1173.0,1,7.0,Resnet50Model128
627,3597348.0,1346.0,1,7.0,VideopredictionModel64
628,3597355.0,1200.0,1,7.0,TransformerModel256
629,3597362.0,865.0,1,7.0,DeepspeechModel64
630,3597368.0,725.0,1,6.0,TransformerModel256
631,3597381.0,1280.0,1,13.0,GooglenetModel128
632,3597388.0,987.0000000000001,1,7.0,TransformerModel256
633,3597394.0,1331.0,1,6.0,VideopredictionModel64
634,3597400.0,690.0,1,6.0,Inception4Model256
635,3597407.0,1086.0,1,7.0,TransformerModel256
636,3597414.0,1420.9999999999998,1,7.0,DcganModel256
637,3597420.0,830.0,1,6.0,DeepspeechModel64
638,3597426.0,1598.0,1,6.0,VggnetModel256
639,3597433.0,1156.0,1,7.0,VideopredictionModel64
640,3597439.0,1304.0,1,6.0,TransformerModel256
641,3597445.0,1197.0,1,6.0,TransformerModel256
642,3597459.0,1384.0,1,14.0,TransformerModel256
643,3597465.0,1192.0,1,6.0,GooglenetModel128
644,3597472.0,1190.0,1,7.0,VggnetModel256
645,3597479.0,1253.0,1,7.0,VggnetModel256
646,3597487.0,1380.0,1,8.0,VggnetModel256
647,3597493.0,704.0,1,6.0,VggnetModel256
648,3597500.0,689.0,1,7.0,VggnetModel256
649,3597506.0,1292.0,1,6.0,ChatbotModel256
650,3597520.0,1349.9999999999998,1,14.0,DcganModel256
651,3597526.0,1209.0,1,6.0,Resnet50Model128
652,3597533.0,1436.0000000000002,1,7.0,TransformerModel256
653,3597539.0,714.0,1,6.0,DeepspeechModel64
654,3597546.0,767.0,1,7.0,Resnet50Model128
655,3597553.0,944.0,1,7.0,DeepspeechModel64
656,3597563.0,1296.0,1,10.0,TransformerModel256
657,3597570.0,1236.0,1,7.0,GooglenetModel128
658,3597578.0,837.0,1,8.0,Resnet50Model128
659,3597584.0,698.0,1,6.0,DcganModel256
660,3597590.0,847.0,1,6.0,ChatbotModel256
661,3597596.0,1295.0,1,6.0,DeepspeechModel64
662,3597603.0,1252.0,1,7.0,VggnetModel256
663,3597609.0,876.0,1,6.0,VggnetModel256
664,3597617.0,1277.0,1,8.0,ChatbotModel256
665,3597624.0,1386.0,1,7.0,Resnet50Model128
666,3597630.0,799.0,1,6.0,Resnet50Model128
667,3597643.0,695.0,1,13.0,VggnetModel256
668,3597649.0,1198.0,1,6.0,VggnetModel256
669,3597657.0,1132.0,1,8.0,DeepspeechModel64
670,3597664.0,1293.0,1,7.0,DeepspeechModel64
671,3597671.0,1425.0,1,7.0,TransformerModel256
672,3597678.0,1471.0,1,7.0,VideopredictionModel64
673,3597685.0,739.0,1,7.0,VideopredictionModel64
674,3597693.0,1250.0,1,8.0,VggnetModel256
675,3597699.0,956.9999999999999,1,6.0,GooglenetModel128
676,3597706.0,872.0,1,7.0,TransformerModel256
677,3597714.0,1256.0,1,8.0,DcganModel256
678,3597721.0,1135.0,1,7.0,GooglenetModel128
679,3597727.0,1447.0,1,6.0,DeepspeechModel64
680,3597734.0,1152.0,1,7.0,VggnetModel256
681,3620027.0,833.0,1,22293.0,DeepspeechModel64
682,3620032.0,1287.0,1,5.0,ChatbotModel256
683,3620038.0,1071.0,1,6.0,ChatbotModel256
684,3620044.0,1242.0,1,6.0,ChatbotModel256
685,3620052.0,1381.0,1,8.0,DcganModel256
686,3620061.0,1379.0,1,9.0,Inception4Model256
687,3620067.0,1368.0,1,6.0,DcganModel256
688,3620073.0,1198.0,1,6.0,VggnetModel256
689,3620079.0,724.0,1,6.0,Inception4Model256
690,3620085.0,1319.0,1,6.0,ChatbotModel256
691,3620091.0,1395.0,1,6.0,ChatbotModel256
692,3620098.0,976.0,1,7.0,Inception4Model256
693,3620106.0,990.0,1,8.0,DcganModel256
694,3620112.0,1422.9999999999998,1,6.0,GooglenetModel128
695,3620118.0,870.0,1,6.0,Resnet50Model128
696,3620124.0,755.0,1,6.0,ChatbotModel256
697,3620131.0,931.0,1,7.0,VggnetModel256
698,3620137.0,1267.0,1,6.0,TransformerModel256
699,3620143.0,983.9999999999999,1,6.0,DeepspeechModel64
700,3620149.0,1434.0,1,6.0,TransformerModel256
701,3620155.0,956.0,1,6.0,TransformerModel256
702,3620161.0,1475.0,1,6.0,Resnet50Model128
703,3620167.0,1337.9999999999998,1,6.0,VideopredictionModel64
704,3620174.0,1144.0,1,7.0,VggnetModel256
705,3620179.0,2171.0,1,5.0,GooglenetModel128
706,3620185.0,996.0000000000001,1,6.0,TransformerModel256
707,3620191.0,849.0,1,6.0,DeepspeechModel64
708,3620197.0,1023.0000000000001,1,6.0,GooglenetModel128
709,3620203.0,1281.0,1,6.0,TransformerModel256
710,3620209.0,1000.0,1,6.0,VggnetModel256
711,3620215.0,937.0,1,6.0,DcganModel256
712,3620220.0,833.0000000000001,1,5.0,VideopredictionModel64
713,3620226.0,1639.0,1,6.0,VideopredictionModel64
714,3620232.0,953.0,1,6.0,DcganModel256
715,3620238.0,1498.0,1,6.0,Resnet50Model128
716,3620244.0,792.0000000000001,1,6.0,DeepspeechModel64
717,3620249.0,1490.0,1,5.0,DeepspeechModel64
718,3620256.0,1390.0,1,7.0,Resnet50Model128
719,3620262.0,2157.0,1,6.0,DcganModel256
720,3620269.0,908.0,1,7.0,TransformerModel256
721,3620275.0,1320.0,1,6.0,VideopredictionModel64
722,3620280.0,1404.0,1,5.0,GooglenetModel128
723,3620286.0,1386.0,1,6.0,Resnet50Model128
724,3620292.0,689.0,1,6.0,VideopredictionModel64
725,3620302.0,13136.0,1,10.0,GooglenetModel128
726,3620313.0,763.9999999999999,1,11.0,TransformerModel256
727,3620319.0,811.0,1,6.0,VideopredictionModel64
728,3620325.0,1137.0,1,6.0,VggnetModel256
729,3620331.0,758.0,1,6.0,Resnet50Model128
730,3620344.0,1304.0,1,13.0,ChatbotModel256
731,3620350.0,1212.0,1,6.0,GooglenetModel128
732,3620357.0,1753.0,1,7.0,ChatbotModel256
733,3620367.0,994.0000000000001,1,10.0,VideopredictionModel64
734,3620372.0,921.0,1,5.0,VggnetModel256
735,3620378.0,1424.0,1,6.0,ChatbotModel256
736,3620384.0,875.0,1,6.0,TransformerModel256
737,3620390.0,1381.0,1,6.0,DcganModel256
738,3620397.0,1444.9999999999998,1,7.0,VideopredictionModel64
739,3623065.0,930.0,1,2668.0,ChatbotModel256
740,3623071.0,1762.0,1,6.0,TransformerModel256
741,3623077.0,1479.0,1,6.0,GooglenetModel128
742,3623083.0,1399.0,1,6.0,VggnetModel256
743,3623091.0,1302.0,1,8.0,VggnetModel256
744,3623097.0,953.0000000000001,1,6.0,TransformerModel256
745,3623103.0,871.0,1,6.0,DcganModel256
746,3623109.0,929.0,1,6.0,Resnet50Model128
747,3623115.0,1082.0,1,6.0,DcganModel256
748,3623121.0,792.0,1,6.0,GooglenetModel128
749,3623127.0,885.0,1,6.0,ChatbotModel256
750,3623133.0,10440.0,1,6.0,ChatbotModel256
751,3623139.0,1344.0,1,6.0,VggnetModel256
752,3623145.0,1481.0000000000002,1,6.0,ChatbotModel256
753,3623156.0,938.0,1,11.0,DcganModel256
754,3623162.0,1141.0,1,6.0,VggnetModel256
755,3623169.0,1124.0,1,7.0,DeepspeechModel64
756,3623175.0,1601.0,1,6.0,Inception4Model256
757,3623180.0,1604.0,1,5.0,ChatbotModel256
758,3623186.0,1533.0,1,6.0,TransformerModel256
759,3623192.0,1432.0,1,6.0,Inception4Model256
760,3623198.0,1238.0,1,6.0,VideopredictionModel64
761,3623205.0,869.0,1,7.0,TransformerModel256
762,3623211.0,791.0,1,6.0,DcganModel256
763,3623217.0,1278.9999999999998,1,6.0,DcganModel256
764,3623222.0,760.0,1,5.0,DeepspeechModel64
765,3623228.0,1434.0,1,6.0,GooglenetModel128
766,3623234.0,883.0,1,6.0,TransformerModel256
767,3623240.0,1065.0,1,6.0,DeepspeechModel64
768,3623245.0,1557.0,1,5.0,TransformerModel256
769,3623251.0,728.0000000000001,1,6.0,TransformerModel256
770,3623263.0,853.0,1,12.0,DcganModel256
771,3623269.0,1055.9999999999998,1,6.0,Resnet50Model128
772,3623276.0,886.0,1,7.0,VideopredictionModel64
773,3623282.0,1420.0,1,6.0,GooglenetModel128
774,3623287.0,2190.0,1,5.0,DeepspeechModel64
775,3623293.0,11529.0,1,6.0,Inception4Model256
776,3623299.0,1561.0,1,6.0,ChatbotModel256
777,3623306.0,979.0,1,7.0,DeepspeechModel64
778,3623312.0,1040.0,1,6.0,GooglenetModel128
779,3623318.0,842.0,1,6.0,VideopredictionModel64
780,3623325.0,871.9999999999999,1,7.0,Inception4Model256
781,3623331.0,1321.0,1,6.0,Resnet50Model128
782,3623337.0,743.0,1,6.0,Resnet50Model128
783,3623344.0,1044.0,1,7.0,DeepspeechModel64
784,3623351.0,1268.0,1,7.0,GooglenetModel128
785,3623357.0,729.0,1,6.0,DcganModel256
786,3623365.0,29184.999999999996,1,8.0,Inception4Model256
787,3623371.0,1575.9999999999998,1,6.0,TransformerModel256
788,3623377.0,754.9999999999999,1,6.0,DeepspeechModel64
789,3623384.0,786.9999999999999,1,7.0,GooglenetModel128
790,3623391.0,1306.0,1,7.0,TransformerModel256
791,3623397.0,834.0000000000001,1,6.0,DeepspeechModel64
792,3623403.0,797.0,1,6.0,TransformerModel256
793,3623409.0,1164.0,1,6.0,ChatbotModel256
794,3623415.0,1212.0,1,6.0,DeepspeechModel64
795,3623422.0,772.9999999999999,1,7.0,DeepspeechModel64
796,3623428.0,1539.0,1,6.0,Inception4Model256
797,3625175.0,1348.0,1,1747.0,Inception4Model256
798,3625181.0,735.0000000000001,1,6.0,GooglenetModel128
799,3625188.0,1195.0,1,7.0,Resnet50Model128
800,3625193.0,1721.9999999999998,1,5.0,VggnetModel256
801,3625200.0,720.0,1,7.0,GooglenetModel128
802,3625207.0,765.0,1,7.0,GooglenetModel128
803,3625213.0,1285.0,1,6.0,DcganModel256
804,3625220.0,1286.0,1,7.0,VideopredictionModel64
805,3625227.0,741.0,1,7.0,DcganModel256
806,3625233.0,938.0,1,6.0,Resnet50Model128
807,3625240.0,1157.0,1,7.0,VggnetModel256
808,3625246.0,1079.0,1,6.0,ChatbotModel256
809,3625254.0,842.0,1,8.0,Resnet50Model128
810,3625259.0,925.0,1,5.0,Inception4Model256
811,3625270.0,1211.0,1,11.0,TransformerModel256
812,3625283.0,716.0,1,13.0,ChatbotModel256
813,3625289.0,1342.0,1,6.0,Resnet50Model128
814,3625296.0,1328.0,1,7.0,DeepspeechModel64
815,3625305.0,734.0,1,9.0,ChatbotModel256
816,3625317.0,795.0,1,12.0,DcganModel256
817,3625323.0,743.0,1,6.0,ChatbotModel256
818,3625329.0,725.0,1,6.0,Resnet50Model128
819,3625336.0,1171.0,1,7.0,DcganModel256
820,3625349.0,1588.9999999999998,1,13.0,Resnet50Model128
821,3625356.0,1330.0,1,7.0,ChatbotModel256
822,3625362.0,1510.0,1,6.0,GooglenetModel128
823,3625369.0,1080.0,1,7.0,Resnet50Model128
824,3625376.0,724.0,1,7.0,ChatbotModel256
825,3625383.0,1272.0,1,7.0,VideopredictionModel64
826,3625389.0,1225.0,1,6.0,VideopredictionModel64
827,3625396.0,790.0,1,7.0,DeepspeechModel64
828,3625402.0,751.0,1,6.0,TransformerModel256
829,3625408.0,723.0,1,6.0,Resnet50Model128
830,3625414.0,742.0,1,6.0,DcganModel256
831,3625421.0,986.0000000000001,1,7.0,DcganModel256
832,3625427.0,902.0,1,6.0,Inception4Model256
833,3625434.0,754.0,1,7.0,Resnet50Model128
834,3625441.0,892.0,1,7.0,TransformerModel256
835,3625447.0,1210.0,1,6.0,ChatbotModel256
836,3625454.0,1113.0,1,7.0,VggnetModel256
837,3625467.0,898.0,1,13.0,ChatbotModel256
838,3625474.0,695.0,1,7.0,GooglenetModel128
839,3625480.0,1191.0,1,6.0,Inception4Model256
840,3625486.0,2171.0,1,6.0,TransformerModel256
841,3625494.0,763.0,1,8.0,VggnetModel256
842,3625500.0,844.0,1,6.0,TransformerModel256
843,3625507.0,1141.0,1,7.0,VideopredictionModel64
844,3625514.0,896.0,1,7.0,VideopredictionModel64
845,3625520.0,767.0,1,6.0,Inception4Model256
846,3625528.0,725.0,1,8.0,TransformerModel256
847,3625533.0,890.0,1,5.0,Resnet50Model128
848,3625540.0,853.0000000000001,1,7.0,GooglenetModel128
849,3625547.0,790.0,1,7.0,ChatbotModel256
850,3625553.0,1174.0,1,6.0,Resnet50Model128
851,3625560.0,778.0,1,7.0,VideopredictionModel64
852,3625566.0,1444.0000000000002,1,6.0,TransformerModel256
853,3626693.0,1001.0000000000001,1,1127.0,TransformerModel256
854,3626699.0,1181.0,1,6.0,GooglenetModel128
855,3626705.0,746.0,1,6.0,ChatbotModel256
856,3626712.0,738.0,1,7.0,Inception4Model256
857,3626718.0,796.0,1,6.0,GooglenetModel128
858,3626724.0,808.0000000000001,1,6.0,VggnetModel256
859,3626731.0,755.9999999999999,1,7.0,GooglenetModel128
860,3626737.0,718.0,1,6.0,VggnetModel256
861,3626743.0,1476.0,1,6.0,GooglenetModel128
862,3626749.0,1053.0,1,6.0,GooglenetModel128
863,3626755.0,1246.0,1,6.0,DcganModel256
864,3626761.0,744.0,1,6.0,VideopredictionModel64
865,3626767.0,1157.0,1,6.0,VideopredictionModel64
866,3626773.0,809.0,1,6.0,Resnet50Model128
867,3626780.0,719.0,1,7.0,Inception4Model256
868,3626786.0,1126.0,1,6.0,VggnetModel256
869,3626793.0,733.0,1,7.0,ChatbotModel256
870,3626814.0,820.0,1,21.0,DeepspeechModel64
871,3626820.0,1442.0,1,6.0,DcganModel256
872,3626826.0,734.0,1,6.0,VggnetModel256
873,3626834.0,852.0,1,8.0,TransformerModel256
874,3626840.0,812.0,1,6.0,Resnet50Model128
875,3626846.0,715.0,1,6.0,Resnet50Model128
876,3626852.0,1190.0,1,6.0,DeepspeechModel64
877,3626861.0,1295.0,1,9.0,VggnetModel256
878,3626867.0,821.0,1,6.0,DcganModel256
879,3626881.0,832.0,1,14.0,TransformerModel256
880,3626889.0,722.0,1,8.0,Resnet50Model128
881,3626896.0,848.0000000000001,1,7.0,VggnetModel256
882,3626902.0,737.0,1,6.0,VggnetModel256
883,3626909.0,1178.0,1,7.0,GooglenetModel128
884,3626915.0,826.0,1,6.0,Inception4Model256
885,3626922.0,801.0000000000001,1,7.0,VggnetModel256
886,3626929.0,1148.0,1,7.0,Inception4Model256
887,3626936.0,776.0,1,7.0,Inception4Model256
888,3626942.0,767.0,1,6.0,DcganModel256
889,3626948.0,1160.0,1,6.0,ChatbotModel256
890,3626956.0,1203.0,1,8.0,VideopredictionModel64
891,3626962.0,756.0,1,6.0,VideopredictionModel64
892,3626970.0,759.0000000000001,1,8.0,Inception4Model256
893,3626977.0,752.0,1,7.0,DeepspeechModel64
894,3626984.0,705.0,1,7.0,ChatbotModel256
895,3626991.0,736.0,1,7.0,ChatbotModel256
896,3626996.0,1134.0,1,5.0,TransformerModel256
897,3627002.0,738.0,1,6.0,ChatbotModel256
898,3627008.0,761.0,1,6.0,Inception4Model256
899,3627015.0,1079.0,1,7.0,DeepspeechModel64
900,3627021.0,728.9999999999999,1,6.0,GooglenetModel128
901,3627030.0,850.0,1,9.0,GooglenetModel128
902,3627044.0,726.0,1,14.0,GooglenetModel128
903,3627052.0,933.0,1,8.0,ChatbotModel256
904,3627057.0,1251.0,1,5.0,VggnetModel256
905,3627063.0,783.0,1,6.0,VggnetModel256
906,3627070.0,5589.0,1,7.0,Inception4Model256
907,3627076.0,1184.0,1,6.0,GooglenetModel128
908,3627088.0,809.0,1,12.0,DeepspeechModel64
909,3627102.0,898.0,1,14.0,DcganModel256
910,3627109.0,829.0,1,7.0,VggnetModel256
911,3629626.0,1359.0,1,2517.0,DcganModel256
912,3629634.0,911.0,1,8.0,DcganModel256
913,3629640.0,812.0,1,6.0,Inception4Model256
914,3629647.0,894.0,1,7.0,VideopredictionModel64
915,3629661.0,15208.000000000002,1,14.0,DcganModel256
916,3629667.0,1386.0,1,6.0,DcganModel256
917,3629674.0,739.0,1,7.0,TransformerModel256
918,3629682.0,932.0000000000001,1,8.0,Inception4Model256
919,3629689.0,986.0,1,7.0,TransformerModel256
920,3629697.0,1115.0,1,8.0,VggnetModel256
921,3629709.0,1369.0,1,12.0,Resnet50Model128
922,3629723.0,695.0,1,14.0,ChatbotModel256
923,3629729.0,734.0,1,6.0,VggnetModel256
924,3629736.0,1528.9999999999998,1,7.0,DeepspeechModel64
925,3629742.0,824.0000000000001,1,6.0,GooglenetModel128
926,3629748.0,1157.0,1,6.0,Resnet50Model128
927,3629755.0,750.0000000000001,1,7.0,TransformerModel256
928,3629761.0,819.0,1,6.0,ChatbotModel256
929,3629767.0,854.0,1,6.0,DcganModel256
930,3629773.0,860.0,1,6.0,Inception4Model256
931,3629779.0,843.0,1,6.0,ChatbotModel256
932,3629786.0,1128.0,1,7.0,Resnet50Model128
933,3629798.0,758.0,1,12.0,DeepspeechModel64
934,3629805.0,743.0,1,7.0,ChatbotModel256
935,3629811.0,1462.0,1,6.0,VggnetModel256
936,3629817.0,1040.0,1,6.0,VggnetModel256
937,3629823.0,813.0,1,6.0,GooglenetModel128
938,3629829.0,1210.0,1,6.0,VideopredictionModel64
939,3629835.0,993.0,1,6.0,Resnet50Model128
940,3629841.0,1513.0,1,6.0,TransformerModel256
941,3629849.0,763.0,1,8.0,VggnetModel256
942,3629856.0,911.0,1,7.0,GooglenetModel128
943,3629862.0,826.0,1,6.0,GooglenetModel128
944,3629868.0,1590.0,1,6.0,Resnet50Model128
945,3629874.0,1301.0,1,6.0,ChatbotModel256
946,3629880.0,927.0,1,6.0,Resnet50Model128
947,3629886.0,998.9999999999998,1,6.0,ChatbotModel256
948,3629893.0,732.0,1,7.0,VggnetModel256
949,3629899.0,28674.000000000004,1,6.0,Inception4Model256
950,3629906.0,831.0,1,7.0,DeepspeechModel64
951,3629912.0,29546.0,1,6.0,DeepspeechModel64
952,3629918.0,915.0000000000001,1,6.0,DcganModel256
953,3629924.0,998.9999999999999,1,6.0,VggnetModel256
954,3629930.0,939.0,1,6.0,GooglenetModel128
955,3629936.0,1117.0,1,6.0,ChatbotModel256
956,3629943.0,804.0,1,7.0,DcganModel256
957,3629948.0,1563.0,1,5.0,TransformerModel256
958,3629954.0,1280.0,1,6.0,TransformerModel256
959,3629960.0,876.0,1,6.0,ChatbotModel256
960,3629973.0,1029.0,1,13.0,Resnet50Model128
961,3629979.0,830.0000000000001,1,6.0,DcganModel256
962,3629985.0,1302.0000000000002,1,6.0,VideopredictionModel64
963,3629991.0,714.0,1,6.0,VideopredictionModel64
964,3629998.0,883.0,1,7.0,Inception4Model256
965,3630003.0,1231.0,1,5.0,GooglenetModel128
966,3630010.0,986.0000000000001,1,7.0,VggnetModel256
967,3630054.0,22019.0,1,44.0,VideopredictionModel64
968,3630060.0,26067.0,1,6.0,ChatbotModel256
969,3630067.0,26528.0,1,7.0,ChatbotModel256
970,3630073.0,28129.000000000004,1,6.0,VggnetModel256
971,3630079.0,29570.999999999996,1,6.0,DeepspeechModel64
972,3630085.0,29885.0,1,6.0,VideopredictionModel64
973,3630091.0,34192.0,1,6.0,VggnetModel256
974,3630097.0,33200.0,1,6.0,DeepspeechModel64
975,3630103.0,36494.0,1,6.0,TransformerModel256
976,3630110.0,34651.0,1,7.0,ChatbotModel256
977,3630116.0,41575.0,1,6.0,Inception4Model256
978,3688474.0,9432.0,1,58358.0,DeepspeechModel64
979,3688480.0,1181.0,1,6.0,ChatbotModel256
980,3688487.0,1125.0,1,7.0,TransformerModel256
981,3688953.0,1101.0,1,466.0,VggnetModel256
982,3688959.0,963.0,1,6.0,DeepspeechModel64
983,3688972.0,1036.0,1,13.0,DeepspeechModel64
984,3690837.0,19.0,1,1865.0,VggnetModel256
985,3690842.0,12.000000000000002,1,5.0,Inception4Model256
986,3690849.0,1800.0,1,7.0,TransformerModel256
987,3691031.0,2049.0,1,182.0,TransformerModel256
988,3691049.0,1339.0,1,18.0,Resnet50Model128
989,3691055.0,1512.0,1,6.0,VggnetModel256
990,3691608.0,932.0000000000001,1,553.0,VggnetModel256
991,3691614.0,1083.0,1,6.0,GooglenetModel128
992,3691620.0,848.0000000000001,1,6.0,Inception4Model256
993,3693813.0,2058.0,1,2193.0,GooglenetModel128
994,3693820.0,2079.0,1,7.0,VggnetModel256
995,3693827.0,2011.0000000000002,1,7.0,GooglenetModel128
996,3693833.0,1635.0,1,6.0,DcganModel256
997,3693841.0,1272.0,1,8.0,Resnet50Model128
998,3693848.0,1623.0,1,7.0,DeepspeechModel64
999,3693960.0,2165.0,1,112.0,Resnet50Model128
1000,3693966.0,3446.0,1,6.0,DcganModel256
1001,3693972.0,2747.0,1,6.0,DeepspeechModel64
1002,3693978.0,2712.0,1,6.0,Inception4Model256
1003,3693984.0,3870.0000000000005,1,6.0,Resnet50Model128
1004,3698118.0,1308.0,1,4134.0,DcganModel256
1005,3698123.0,1379.0,1,5.0,Resnet50Model128
1006,3698192.0,1955.0000000000005,1,69.0,Resnet50Model128
1007,3698192.0,1286.0,1,0.0,VideopredictionModel64
1008,3698198.0,1288.0,1,6.0,GooglenetModel128
1009,3698203.0,1519.0,1,5.0,Resnet50Model128
1010,3699359.0,3352.0,1,1156.0,Resnet50Model128
1011,3699371.0,4242.0,1,12.0,GooglenetModel128
1012,3699376.0,4001.0,1,5.0,TransformerModel256
1013,3699382.0,2807.0,1,6.0,Resnet50Model128
1014,3699388.0,4406.0,1,6.0,DcganModel256
1015,3699394.0,3081.0,1,6.0,DeepspeechModel64
1016,3699399.0,2768.0,1,5.0,VideopredictionModel64
1017,3699404.0,2822.0,1,5.0,TransformerModel256
1018,3699410.0,3529.0,1,6.0,ChatbotModel256
1019,3705661.0,9536.0,1,6251.0,GooglenetModel128
1020,3705665.0,8829.0,1,4.0,VideopredictionModel64
1021,3705721.0,7475.0,1,56.0,Inception4Model256
1022,3705729.0,7477.999999999999,1,8.0,VggnetModel256
1023,3705734.0,6536.0,1,5.0,VggnetModel256
1024,3705740.0,9697.0,1,6.0,DeepspeechModel64
1025,3705746.0,7167.000000000001,1,6.0,Inception4Model256
1026,3705751.0,8603.0,1,5.0,GooglenetModel128
1027,3705757.0,7641.0,1,6.0,Inception4Model256
1028,3705763.0,7817.000000000001,1,6.0,Inception4Model256
1029,3705770.0,7964.999999999999,1,7.0,Resnet50Model128
1030,3705775.0,7595.0,1,5.0,DeepspeechModel64
1031,3773011.0,6570.0,1,67236.0,ChatbotModel256
1032,3773016.0,7045.0,1,5.0,TransformerModel256
1033,3773021.0,6933.0,1,5.0,GooglenetModel128
1034,3773026.0,8268.0,1,5.0,Resnet50Model128
1035,3773031.0,8740.0,1,5.0,GooglenetModel128
1036,3773036.0,7604.0,1,5.0,VggnetModel256
1037,3773040.0,6750.0,1,4.0,GooglenetModel128
1038,3773045.0,6240.000000000001,1,5.0,DeepspeechModel64
1039,3773049.0,6415.0,1,4.0,VggnetModel256
1040,3773054.0,6756.999999999999,1,5.0,Inception4Model256
1041,3782953.0,4888.0,1,9899.0,GooglenetModel128
1042,3782959.0,1449.0,1,6.0,Resnet50Model128
1043,3782965.0,1559.0000000000002,1,6.0,GooglenetModel128
1044,3782970.0,1582.0,1,5.0,DeepspeechModel64
1045,3782975.0,1443.0,1,5.0,ChatbotModel256
1046,3782980.0,1501.0,1,5.0,TransformerModel256
1047,3782986.0,1419.0000000000002,1,6.0,DcganModel256
1048,3782991.0,1501.0,1,5.0,Inception4Model256
1049,3782996.0,1555.0,1,5.0,TransformerModel256
1050,3783000.0,1445.0,1,4.0,Inception4Model256
1051,3786430.0,57.99999999999999,1,3430.0,Inception4Model256
1052,3786435.0,21.0,1,5.0,GooglenetModel128
1053,3786441.0,26.0,1,6.0,Resnet50Model128
1054,3786445.0,15.0,1,4.0,VideopredictionModel64
1055,3786450.0,43.0,1,5.0,Resnet50Model128
1056,3786455.0,79.0,1,5.0,VggnetModel256
1057,3786460.0,23.0,1,5.0,ChatbotModel256
1058,3786465.0,38.0,1,5.0,Resnet50Model128
1059,3786470.0,25.0,1,5.0,VideopredictionModel64
1060,3786475.0,35.0,1,5.0,Inception4Model256
1061,3790579.0,1327.0,1,4104.0,DeepspeechModel64
1062,3790584.0,1880.0,1,5.0,Resnet50Model128
1063,3790591.0,1334.0,1,7.0,GooglenetModel128
1064,3790595.0,1239.0,1,4.0,DcganModel256
1065,3790601.0,1379.0,1,6.0,TransformerModel256
1066,3790606.0,1741.0,1,5.0,VideopredictionModel64
1067,3790611.0,1864.0,1,5.0,DeepspeechModel64
1068,3790616.0,1779.0,1,5.0,Resnet50Model128
1069,3790622.0,1153.0,1,6.0,DcganModel256
1070,3790627.0,1712.0,1,5.0,TransformerModel256
1071,4140621.0,2095.0,1,349994.0,Resnet50Model128
1072,4140626.0,1566.0,1,5.0,ChatbotModel256
1073,4140632.0,1428.0,1,6.0,VideopredictionModel64
1074,4140638.0,2089.0,1,6.0,VideopredictionModel64
1075,4140643.0,1293.0,1,5.0,Resnet50Model128
1076,4140649.0,1382.0,1,6.0,ChatbotModel256
1077,4140655.0,1412.0,1,6.0,VideopredictionModel64
1078,4140663.0,1601.0,1,8.0,TransformerModel256
1079,4140668.0,1461.0,1,5.0,ChatbotModel256
1080,4140675.0,1379.0,1,7.0,Inception4Model256
1081,4143164.0,4497.0,1,2489.0,ChatbotModel256
1082,4143171.0,4155.0,1,7.0,VideopredictionModel64
1083,4143177.0,2862.0,1,6.0,VggnetModel256
1084,4143183.0,3265.0,1,6.0,ChatbotModel256
1085,4143188.0,2873.0,1,5.0,DeepspeechModel64
1086,4143194.0,2962.0,1,6.0,VideopredictionModel64
1087,4146162.0,3513.9999999999995,1,2968.0,DeepspeechModel64
1088,4146167.0,3815.0,1,5.0,DeepspeechModel64
1089,4146173.0,2815.0,1,6.0,VggnetModel256
1090,4146178.0,2952.0000000000005,1,5.0,DeepspeechModel64
1091,4146183.0,2759.0,1,5.0,VideopredictionModel64
1092,4146189.0,2983.0,1,6.0,VggnetModel256
1093,4151755.0,4423.0,1,5566.0,VggnetModel256
1094,4151760.0,4383.0,1,5.0,DeepspeechModel64
1095,4151765.0,4969.0,1,5.0,ChatbotModel256
1096,4151770.0,4494.0,1,5.0,Resnet50Model128
1097,4151774.0,6774.0,1,4.0,ChatbotModel256
1098,4151778.0,4403.0,1,4.0,ChatbotModel256
1099,4221633.0,3486.0,1,69855.0,Inception4Model256
1100,4221638.0,3533.0,1,5.0,Inception4Model256
1101,4221642.0,2352.0,1,4.0,GooglenetModel128
1102,4221646.0,2261.0,1,4.0,ChatbotModel256
1103,4221651.0,2065.0,1,5.0,VggnetModel256
1104,4221655.0,3503.0,1,4.0,ChatbotModel256
1105,4223255.0,4343.0,1,1600.0,TransformerModel256
1106,4223259.0,3486.0,1,4.0,ChatbotModel256
1107,4223264.0,2789.0,1,5.0,GooglenetModel128
1108,4223268.0,13037.0,1,4.0,GooglenetModel128
1109,4223272.0,12659.000000000002,1,4.0,Inception4Model256
1110,4223277.0,14437.000000000002,1,5.0,DeepspeechModel64
1111,4223397.0,4780.0,1,120.0,GooglenetModel128
1112,4223402.0,7123.999999999999,1,5.0,DeepspeechModel64
1113,4223406.0,7400.0,1,4.0,TransformerModel256
1114,4223411.0,4852.0,1,5.0,VideopredictionModel64
1115,4223416.0,4682.0,1,5.0,Inception4Model256
1116,4223420.0,7429.0,1,4.0,GooglenetModel128
1117,4223424.0,4979.0,1,4.0,DcganModel256
1118,4223429.0,7903.999999999999,1,5.0,Resnet50Model128
1119,4223435.0,5222.0,1,6.0,VggnetModel256
1120,4223441.0,7256.0,1,6.0,Resnet50Model128
1121,4224875.0,7304.0,1,1434.0,TransformerModel256
1122,4224880.0,7255.0,1,5.0,GooglenetModel128
1123,4224885.0,7625.0,1,5.0,Resnet50Model128
1124,4224889.0,5588.0,1,4.0,ChatbotModel256
1125,4224895.0,7308.0,1,6.0,GooglenetModel128
1126,4224900.0,7145.999999999999,1,5.0,GooglenetModel128
1127,4224905.0,7102.0,1,5.0,ChatbotModel256
1128,4224910.0,7000.0,1,5.0,DeepspeechModel64
1129,4224914.0,7376.0,1,4.0,Inception4Model256
1130,4224919.0,5989.0,1,5.0,VggnetModel256
1131,4225002.0,20575.0,1,83.0,Resnet50Model128
1132,4225007.0,22125.0,1,5.0,Inception4Model256
1133,4225012.0,18847.0,1,5.0,DeepspeechModel64
1134,4225016.0,22851.0,1,4.0,VggnetModel256
1135,4225021.0,21585.0,1,5.0,VggnetModel256
1136,4225029.0,20458.0,1,8.0,Resnet50Model128
1137,4225034.0,20788.0,1,5.0,VideopredictionModel64
1138,4225039.0,20722.0,1,5.0,Resnet50Model128
1139,4225044.0,31355.000000000004,1,5.0,VggnetModel256
1140,4225048.0,15297.0,1,4.0,DeepspeechModel64
1141,4305014.0,16640.0,1,79966.0,DeepspeechModel64
1142,4305020.0,14574.0,1,6.0,VggnetModel256
1143,4305024.0,14599.0,1,4.0,Inception4Model256
1144,4305029.0,15777.0,1,5.0,TransformerModel256
1145,4305034.0,17990.0,1,5.0,TransformerModel256
1146,4305039.0,19599.0,1,5.0,VideopredictionModel64
1147,4305043.0,19407.0,1,4.0,Inception4Model256
1148,4305050.0,17842.0,1,7.0,ChatbotModel256
1149,4305055.0,19308.0,1,5.0,Resnet50Model128
1150,4305067.0,16045.000000000002,1,12.0,DcganModel256
1151,4305072.0,14944.000000000002,1,5.0,GooglenetModel128
1152,4305076.0,1008.0,1,4.0,VggnetModel256
1153,4305081.0,19046.0,1,5.0,Inception4Model256
1154,4305085.0,14854.0,1,4.0,Inception4Model256
1155,4305089.0,16507.0,1,4.0,TransformerModel256
1156,4305094.0,18601.0,1,5.0,TransformerModel256
1157,4305099.0,14382.0,1,5.0,GooglenetModel128
1158,4305103.0,2400.0,1,4.0,Inception4Model256
1159,4305107.0,17485.0,1,4.0,VideopredictionModel64
1160,4305112.0,17443.0,1,5.0,ChatbotModel256
1161,4305117.0,14866.0,1,5.0,Resnet50Model128
1162,4305122.0,14442.0,1,5.0,ChatbotModel256
1163,4305126.0,15654.0,1,4.0,Resnet50Model128
1164,4305131.0,28400.000000000004,1,5.0,GooglenetModel128
1165,4305135.0,15415.000000000002,1,4.0,VggnetModel256
1166,4305148.0,19087.0,1,13.0,GooglenetModel128
1167,4305153.0,18034.0,1,5.0,VggnetModel256
1168,4305157.0,18838.0,1,4.0,VideopredictionModel64
1169,4305161.0,15289.0,1,4.0,VideopredictionModel64
1170,4305166.0,19090.0,1,5.0,TransformerModel256
1171,4305170.0,20044.0,1,4.0,Resnet50Model128
1172,4305175.0,19141.0,1,5.0,Resnet50Model128
1173,4305180.0,18729.0,1,5.0,GooglenetModel128
1174,4305185.0,14626.999999999998,1,5.0,VggnetModel256
1175,4305189.0,19105.0,1,4.0,DcganModel256
1176,4305194.0,19357.0,1,5.0,GooglenetModel128
1177,4305198.0,14392.0,1,4.0,DcganModel256
1178,4305203.0,18589.0,1,5.0,TransformerModel256
1179,4305208.0,14487.0,1,5.0,ChatbotModel256
1180,4305214.0,17542.0,1,6.0,VggnetModel256
1181,4305218.0,12990.0,1,4.0,GooglenetModel128
1182,4305223.0,18383.0,1,5.0,DeepspeechModel64
1183,4305227.0,12755.0,1,4.0,TransformerModel256
1184,4305231.0,15371.999999999998,1,4.0,GooglenetModel128
1185,4305236.0,16515.0,1,5.0,DcganModel256
1186,4305241.0,16877.0,1,5.0,TransformerModel256
1187,4305246.0,14988.0,1,5.0,DeepspeechModel64
1188,4305251.0,13934.0,1,5.0,DeepspeechModel64
1189,4305255.0,14441.0,1,4.0,DeepspeechModel64
1190,4305260.0,14615.0,1,5.0,ChatbotModel256
1191,4361964.0,73.0,1,56704.0,Inception4Model256
1192,4384972.0,78022.0,1,23008.0,Inception4Model256
1193,4385577.0,69773.0,1,605.0,DcganModel256
1194,4396087.0,81759.0,1,10510.0,TransformerModel256
1195,4396176.0,83629.0,1,89.0,Resnet50Model128
1196,4396268.0,82311.0,1,92.0,VggnetModel256
1197,4396403.0,2850.0,1,135.0,VideopredictionModel64
1198,4396407.0,3223.0,1,4.0,VideopredictionModel64
1199,4396412.0,4170.0,1,5.0,GooglenetModel128
1200,4396417.0,3305.0,1,5.0,VideopredictionModel64
1201,4396421.0,2869.0,1,4.0,ChatbotModel256
1202,4396427.0,3991.0,1,6.0,TransformerModel256
1203,4396432.0,3059.0,1,5.0,ChatbotModel256
1204,4396437.0,2964.0,1,5.0,DeepspeechModel64
1205,4396441.0,2854.0,1,4.0,VggnetModel256
1206,4396445.0,4226.0,1,4.0,ChatbotModel256
1207,4396450.0,3190.0,1,5.0,Inception4Model256
1208,4396454.0,2856.0,1,4.0,Resnet50Model128
1209,4396459.0,2689.0,1,5.0,TransformerModel256
1210,4396463.0,3391.0,1,4.0,DeepspeechModel64
1211,4396469.0,3241.0,1,6.0,VggnetModel256
1212,4396474.0,3066.0,1,5.0,DeepspeechModel64
1213,4396478.0,2751.0,1,4.0,TransformerModel256
1214,4396483.0,2769.0,1,5.0,VideopredictionModel64
1215,4396488.0,2835.0,1,5.0,GooglenetModel128
1216,4396493.0,2742.0,1,5.0,DeepspeechModel64
1217,4396499.0,2671.0,1,6.0,VideopredictionModel64
1218,4396506.0,4066.0,1,7.0,VggnetModel256
1219,4396511.0,2784.0,1,5.0,GooglenetModel128
1220,4396516.0,2972.0,1,5.0,GooglenetModel128
1221,4396521.0,3337.0,1,5.0,VideopredictionModel64
1222,4396525.0,2706.0,1,4.0,DeepspeechModel64
1223,4396532.0,3753.9999999999995,1,7.0,VggnetModel256
1224,4396541.0,3023.0,1,9.0,Resnet50Model128
1225,4396548.0,2658.0,1,7.0,VggnetModel256
1226,4396557.0,2818.0,1,9.0,ChatbotModel256
1227,4396567.0,3843.0,1,10.0,VggnetModel256
1228,4396576.0,2732.0,1,9.0,VideopredictionModel64
1229,4396584.0,2719.0,1,8.0,GooglenetModel128
1230,4396592.0,2771.0,1,8.0,Inception4Model256
1231,4396598.0,3197.0,1,6.0,VideopredictionModel64
1232,4396604.0,2654.0,1,6.0,TransformerModel256
1233,4396609.0,2721.0,1,5.0,VideopredictionModel64
1234,4396613.0,3283.0,1,4.0,Inception4Model256
1235,4396618.0,2769.0,1,5.0,GooglenetModel128
1236,4396625.0,2912.0,1,7.0,Resnet50Model128
1237,4396630.0,3939.0000000000005,1,5.0,TransformerModel256
1238,4396634.0,2800.0,1,4.0,VggnetModel256
1239,4396639.0,2869.0,1,5.0,Inception4Model256
1240,4396644.0,14395.0,1,5.0,TransformerModel256
1241,4396649.0,3055.0,1,5.0,VideopredictionModel64
1242,4396653.0,3945.0,1,4.0,DcganModel256
1243,4396658.0,2864.0,1,5.0,Inception4Model256
1244,4396662.0,2758.0,1,4.0,ChatbotModel256
1245,4396670.0,2777.0,1,8.0,ChatbotModel256
1246,4396674.0,3134.0000000000005,1,4.0,GooglenetModel128
1247,4398012.0,77582.0,1,1338.0,VideopredictionModel64
1248,4399831.0,122326.0,1,1819.0,DeepspeechModel64
1249,4399884.0,81340.0,1,53.0,Resnet50Model128
1250,4399934.0,81343.0,1,50.0,Resnet50Model128
1251,4429509.0,2887.0,1,29575.0,Inception4Model256
1252,4433317.0,125939.00000000001,1,3808.0,VggnetModel256
1253,4441779.0,119637.00000000001,1,8462.0,DeepspeechModel64
1254,4653427.0,7219.0,1,211648.0,DcganModel256
1255,4653432.0,6379.0,1,5.0,DeepspeechModel64
1256,4653437.0,8956.0,1,5.0,Resnet50Model128
1257,4653442.0,9918.0,1,5.0,Inception4Model256
1258,4653446.0,9292.0,1,4.0,Resnet50Model128
1259,4653452.0,9272.0,1,6.0,GooglenetModel128
1260,4653457.0,6863.0,1,5.0,GooglenetModel128
1261,4653463.0,9841.0,1,6.0,Inception4Model256
1262,4653467.0,9473.0,1,4.0,ChatbotModel256
1263,4653472.0,6805.0,1,5.0,Inception4Model256
1264,4653476.0,6830.0,1,4.0,ChatbotModel256
1265,4653481.0,10362.0,1,5.0,VggnetModel256
1266,4653486.0,7027.0,1,5.0,GooglenetModel128
1267,4653491.0,8150.000000000001,1,5.0,VideopredictionModel64
1268,4653496.0,9513.0,1,5.0,VggnetModel256
1269,4653500.0,9892.0,1,4.0,TransformerModel256
1270,4653507.0,6892.0,1,7.0,Inception4Model256
1271,4653512.0,8743.0,1,5.0,VideopredictionModel64
1272,4653516.0,7963.999999999999,1,4.0,VggnetModel256
1273,4653521.0,9959.0,1,5.0,DeepspeechModel64
1274,4653527.0,10305.0,1,6.0,VggnetModel256
1275,4653532.0,6981.0,1,5.0,Resnet50Model128
1276,4653536.0,6876.000000000001,1,4.0,VideopredictionModel64
1277,4653541.0,6649.999999999999,1,5.0,GooglenetModel128
1278,4653546.0,9258.0,1,5.0,DcganModel256
1279,4653550.0,10083.0,1,4.0,DeepspeechModel64
1280,4653554.0,7078.0,1,4.0,DcganModel256
1281,4653559.0,6885.0,1,5.0,DcganModel256
1282,4653563.0,7643.0,1,4.0,DeepspeechModel64
1283,4653569.0,6906.0,1,6.0,ChatbotModel256
1284,4653573.0,7810.0,1,4.0,Inception4Model256
1285,4653578.0,6850.000000000001,1,5.0,VideopredictionModel64
1286,4653582.0,7684.0,1,4.0,VggnetModel256
1287,4653587.0,7051.0,1,5.0,VideopredictionModel64
1288,4653592.0,7009.0,1,5.0,DcganModel256
1289,4653596.0,6818.999999999999,1,4.0,Inception4Model256
1290,4653601.0,7291.0,1,5.0,DcganModel256
1291,4653605.0,6739.0,1,4.0,TransformerModel256
1292,4653610.0,6617.0,1,5.0,Resnet50Model128
1293,4653616.0,6593.0,1,6.0,ChatbotModel256
1294,4653620.0,15325.0,1,4.0,VideopredictionModel64
1295,4653624.0,11180.0,1,4.0,Resnet50Model128
1296,4653629.0,10950.000000000002,1,5.0,VideopredictionModel64
1297,4653633.0,9908.0,1,4.0,VideopredictionModel64
1298,4653638.0,6985.0,1,5.0,DeepspeechModel64
1299,4653642.0,10224.0,1,4.0,DeepspeechModel64
1300,4653648.0,10320.0,1,6.0,GooglenetModel128
1301,4653653.0,10081.0,1,5.0,VggnetModel256
1302,4653657.0,7292.0,1,4.0,ChatbotModel256
1303,4653662.0,10253.0,1,5.0,DcganModel256
1304,6128835.0,82630.0,1,1475173.0,Inception4Model256
1305,6128840.0,81620.0,1,5.0,GooglenetModel128
1306,6128845.0,88005.0,1,5.0,VggnetModel256
1307,6128850.0,80910.0,1,5.0,DcganModel256
1308,6128854.0,79438.0,1,4.0,GooglenetModel128
1309,6128859.0,70438.0,1,5.0,DcganModel256
1310,6128864.0,53962.0,1,5.0,ChatbotModel256
1311,6128870.0,61418.0,1,6.0,GooglenetModel128
1312,6128874.0,61960.0,1,4.0,TransformerModel256
1313,6128878.0,53204.00000000001,1,4.0,Inception4Model256
1314,6128884.0,56899.99999999999,1,6.0,VggnetModel256
1315,6128888.0,58146.0,1,4.0,Inception4Model256
1316,6128893.0,55559.0,1,5.0,DcganModel256
1317,6128897.0,56768.00000000001,1,4.0,DcganModel256
1318,6128901.0,63835.000000000015,1,4.0,Resnet50Model128
1319,6128906.0,54842.00000000001,1,5.0,TransformerModel256
1320,6128911.0,54495.0,1,5.0,DeepspeechModel64
1321,6128915.0,49722.0,1,4.0,ChatbotModel256
1322,6128920.0,51679.0,1,5.0,Resnet50Model128
1323,6128924.0,52655.0,1,4.0,Inception4Model256
1324,6141157.0,13.0,1,12233.0,DcganModel256
1325,6141162.0,8.0,1,5.0,GooglenetModel128
1326,6141166.0,9.0,1,4.0,TransformerModel256
1327,6141172.0,8.0,1,6.0,GooglenetModel128
1328,6141177.0,11.0,1,5.0,Resnet50Model128
1329,6141182.0,8.0,1,5.0,GooglenetModel128
1330,6141186.0,13.0,1,4.0,VggnetModel256
1331,6141191.0,6.0,1,5.0,ChatbotModel256
1332,6141195.0,9.0,1,4.0,Resnet50Model128
1333,6141201.0,7.0,1,6.0,DcganModel256
1334,6141206.0,467.99999999999994,1,5.0,DeepspeechModel64
1335,6141211.0,17.0,1,5.0,DeepspeechModel64
1336,6141216.0,7.0,1,5.0,Resnet50Model128
1337,6141220.0,7.0,1,4.0,TransformerModel256
1338,6141225.0,14.0,1,5.0,DeepspeechModel64
1339,6141230.0,11.0,1,5.0,DeepspeechModel64
1340,6141234.0,521.0,1,4.0,VggnetModel256
1341,6141239.0,32.0,1,5.0,VggnetModel256
1342,6141244.0,22.0,1,5.0,TransformerModel256
1343,6141249.0,6.0,1,5.0,VggnetModel256
1344,6543689.0,86802.00000000001,1,402440.0,DcganModel256
1345,6543695.0,51977.0,1,6.0,Resnet50Model128
1346,6543701.0,44761.99999999999,1,6.0,VideopredictionModel64
1347,6543708.0,47434.0,1,7.0,DcganModel256
1348,6543715.0,53256.00000000001,1,7.0,Inception4Model256
1349,6543722.0,50566.0,1,7.0,GooglenetModel128
1350,6543728.0,49300.0,1,6.0,ChatbotModel256
1351,6543735.0,49068.0,1,7.0,ChatbotModel256
1352,6543742.0,49732.0,1,7.0,DcganModel256
1353,6543749.0,52142.0,1,7.0,ChatbotModel256
1354,6543756.0,42542.0,1,7.0,TransformerModel256
1355,6543762.0,39481.0,1,6.0,VideopredictionModel64
1356,6543768.0,50220.0,1,6.0,VideopredictionModel64
1357,6543774.0,46545.0,1,6.0,GooglenetModel128
1358,6543780.0,62127.00000000001,1,6.0,DeepspeechModel64
1359,6543786.0,53200.0,1,6.0,DcganModel256
1360,6559272.0,51279.0,1,15486.0,DeepspeechModel64
1361,6559279.0,58480.0,1,7.0,Inception4Model256
1362,6559286.0,72402.0,1,7.0,ChatbotModel256
1363,6559292.0,43244.0,1,6.0,VideopredictionModel64
1364,6559299.0,24.999999999999996,1,7.0,TransformerModel256
1365,6559305.0,55536.0,1,6.0,ChatbotModel256
1366,6559311.0,26.0,1,6.0,DcganModel256
1367,6559318.0,25.0,1,7.0,Resnet50Model128
1368,6559325.0,52328.0,1,7.0,Resnet50Model128
1369,6559331.0,51700.0,1,6.0,ChatbotModel256
1370,6559338.0,57495.0,1,7.0,Inception4Model256
1371,6559346.0,42826.99999999999,1,8.0,VideopredictionModel64
1372,6559352.0,59315.0,1,6.0,GooglenetModel128
1373,6559358.0,36106.0,1,6.0,Resnet50Model128
1374,6559365.0,52734.0,1,7.0,Inception4Model256
1375,6559371.0,34681.0,1,6.0,GooglenetModel128
1376,6632890.0,319.0,1,73519.0,ChatbotModel256
1377,7156523.0,13.0,1,523633.0,VideopredictionModel64
1378,7156527.0,8.0,1,4.0,ChatbotModel256
1379,7156532.0,11.999999999999998,1,5.0,TransformerModel256
1380,7156537.0,6.0,1,5.0,ChatbotModel256
1381,7156542.0,8.0,1,5.0,ChatbotModel256
1382,7156547.0,4.0,1,5.0,GooglenetModel128
1383,7156551.0,10.0,1,4.0,TransformerModel256
1384,7156557.0,2.0,1,6.0,DcganModel256
1385,7156561.0,398.99999999999994,1,4.0,TransformerModel256
1386,7156566.0,10.0,1,5.0,VideopredictionModel64
1387,7156570.0,5.0,1,4.0,VideopredictionModel64
1388,7156575.0,6.000000000000001,1,5.0,GooglenetModel128
1389,7156580.0,10.0,1,5.0,TransformerModel256
1390,7156590.0,10.0,1,10.0,TransformerModel256
1391,7156595.0,2.0,1,5.0,GooglenetModel128
1392,7156600.0,5.0,1,5.0,VideopredictionModel64
1393,7156605.0,13.0,1,5.0,GooglenetModel128
1394,7156609.0,383.0,1,4.0,ChatbotModel256
1395,7156614.0,9.0,1,5.0,VideopredictionModel64
1396,7156619.0,2.9999999999999996,1,5.0,TransformerModel256
1397,7156623.0,5.0,1,4.0,VggnetModel256
1398,7156628.0,8.0,1,5.0,GooglenetModel128
1399,7156633.0,8.0,1,5.0,TransformerModel256
